latitude,longitude,address,poi_name,poi_type,region,qualifying_rules,confidence,nearest_pharmacy_km,nearest_pharmacy_name,catchment_pop,effective_pop,pharmacy_count_5km,pharmacy_count_10km,market_share,est_annual_scripts,gp_fte,is_remote,growth_indicator,growth_details,est_annual_revenue,est_annual_costs,est_annual_profit,total_investment,roi,payback_years,npv_10yr,worst_revenue,worst_profit,worst_roi,worst_npv,best_revenue,best_profit,best_roi,best_npv
-30.5626574,136.8942395,"Roxby Downs Hospital, 16-28, Burgoyne Street, Roxby Downs, Municipal Council of Roxby Downs, South Australia, 5725, Australia",Roxby Downs Hospital,hospital,SA,"Item 131, Item 134A",90%,228.72,United Chemists Westside,3671,3671,0,0,0.8,38178,0.0,True,YES,SA Growth Area - BHP Olympic Dam expansion,969144.0,987400.8,-18256.8,657500,-0.0278,999.0,-778456.98,678400.8,-223061.84,-0.3393,-2135354.09,1259887.2,188058.26,0.286,588444.49
-26.1515307,131.1467555,"Nganampa Health Council Amata Clinic, Ngari Place, Amata, Anangu Pitjantjatjara Yankunytjatjara, South Australia, 0872, Australia",Nganampa Health Council Amata Clinic,gp,SA,"Item 131, Item 134A",90%,381.63,Territory Pharmacy Alice Springs,393,393,0,0,0.8,4087,0.0,True,,,103752.0,381626.4,-277874.4,657500,-0.4226,999.0,-2498504.32,72626.4,-341187.85,-0.5189,-2917975.64,134877.6,-228195.29,-0.3471,-2169364.76
-30.591720875,138.398731875,"Leigh Creek Hospital, Black Oak Drive, Leigh Creek, Pastoral Unincorporated Area, South Australia, 5731, Australia",Leigh Creek Foodland,supermarket,SA,"Item 131, Item 134A",90%,218.93,United Chemists Westside,174,174,0,0,0.8,1809,0.0,True,,,45936.0,341155.2,-295219.2,657500,-0.449,999.0,-2613419.02,32155.2,-349079.74,-0.5309,-2970261.82,59716.8,-256004.78,-0.3894,-2353611.32
-32.3456828,138.0423612,,IGA Quorn,supermarket,SA,"Item 131, Item 133",70%,29.67,United Chemist Port Augusta,1150,1150,0,0,0.8,11960,0.0,True,,,303600.0,521520.0,-217920.0,657500,-0.3314,999.0,-2101287.78,212520.0,-313908.6,-0.4774,-2737242.11,394680.0,-132068.4,-0.2009,-1532494.23
-32.3510421,138.0385777,,Quorn District and Memorial Hospital,hospital,SA,Item 131,70%,29.05,United Chemist Port Augusta,1150,1150,0,0,0.8,11960,0.0,True,,,303600.0,521520.0,-217920.0,657500,-0.3314,999.0,-2101287.78,212520.0,-313908.6,-0.4774,-2737242.11,394680.0,-132068.4,-0.2009,-1532494.23
-34.6221532,135.4663195,,IGA Coffin Bay,supermarket,SA,"Item 131, Item 133",70%,37.74,TerryWhite Chemmart Port Lincoln,803,803,0,0,0.8,8351,0.0,True,,,211992.0,457394.4,-245402.4,657500,-0.3732,999.0,-2283367.22,148394.4,-326413.09,-0.4964,-2820088.26,275589.6,-176131.85,-0.2679,-1824428.27
-29.6495801,138.0621288,"Marree Health Service, 45, First Street, Marree, Pastoral Unincorporated Area, South Australia, 5733, Australia",Marree Health Service,gp,SA,"Item 131, Item 134A",90%,316.44,United Chemists Westside,66,66,0,0,0.8,686,0.0,True,,,17424.0,321196.8,-303772.8,657500,-0.462,999.0,-2670089.28,12196.8,-352971.62,-0.5368,-2996046.79,22651.2,-269719.06,-0.4102,-2444472.63
-31.8872166,138.4227367,"Hawker General Store, Wilpena Road, Hawker, The Flinders Ranges Council, South Australia, 5434, Australia",Hawker General Store,supermarket,SA,"Item 131, Item 134A",90%,90.54,United Chemist Port Augusta,226,226,0,0,0.8,2350,0.0,True,,,59664.0,350764.8,-291100.8,657500,-0.4427,999.0,-2586133.34,41764.8,-347205.86,-0.5281,-2957846.84,77563.2,-249401.62,-0.3793,-2309863.27
-31.8934242,138.42780705,"Hawker Hospital, Cradock Road, Hawker, The Flinders Ranges Council, South Australia, 5434, Australia",Hawker Hospital,hospital,SA,"Item 131, Item 134A",90%,90.35,United Chemist Port Augusta,226,226,0,0,0.8,2350,0.0,True,,,59664.0,350764.8,-291100.8,657500,-0.4427,999.0,-2586133.34,41764.8,-347205.86,-0.5281,-2957846.84,77563.2,-249401.62,-0.3793,-2309863.27
-27.5451927,135.4458198,"Oodnadatta Hospital, Oribee Avenue, Oodnadatta, Pastoral Unincorporated Area, South Australia, 5734, Australia",Oodnadatta Hospital,hospital,SA,"Item 131, Item 134A",90%,176.66,Coober Pedy Pharmacy,102,102,0,0,0.8,1060,0.0,True,,,26928.0,327849.6,-300921.6,657500,-0.4577,999.0,-2651199.19,18849.6,-351674.33,-0.5349,-2987451.8,35006.4,-265147.63,-0.4033,-2414185.53
-34.6765929,139.6514251,,Nildottie Friendly Grocer,supermarket,SA,Item 131,70%,40.66,TerryWhite Chemmart Mannum Riverside,319,319,0,0,0.8,3317,0.0,True,,,84216.0,367951.2,-283735.2,657500,-0.4315,999.0,-2537333.95,58951.2,-343854.52,-0.523,-2935643.11,109480.8,-237592.1,-0.3614,-2231621.58
-35.5067732,139.1328016,,Health Clinic,gp,SA,Item 131,70%,18.26,Milang Pharmacy,608,608,0,0,0.8,6323,0.0,True,,,160512.0,421358.4,-260846.4,657500,-0.3967,999.0,-2385688.53,112358.4,-333440.11,-0.5071,-2866644.45,208665.6,-200893.73,-0.3055,-1988483.43
-27.300916,133.6214568,"Marla Health Services, Cockatoo Crescent, Marla, Pastoral Unincorporated Area, South Australia, 5724, Australia",Marla Health Services,gp,SA,"Item 131, Item 134A",90%,220.40,Coober Pedy Pharmacy,35,35,0,0,0.8,364,0.0,True,,,9240.0,315468.0,-306228.0,657500,-0.4657,999.0,-2686355.74,6468.0,-354088.74,-0.5385,-3003448.03,12012.0,-273655.56,-0.4162,-2470553.2
-27.3038059,133.622864,"Marla Roadhouse, Wattle Street, Marla, Pastoral Unincorporated Area, South Australia, 5724, Australia",Marla Roadhouse,supermarket,SA,"Item 131, Item 134A",90%,220.05,Coober Pedy Pharmacy,35,35,0,0,0.8,364,0.0,True,,,9240.0,315468.0,-306228.0,657500,-0.4657,999.0,-2686355.74,6468.0,-354088.74,-0.5385,-3003448.03,12012.0,-273655.56,-0.4162,-2470553.2
-27.7464648,140.7366777,"RFDS Clinic Innamincka, Browne Street, Innamincka, Pastoral Unincorporated Area, South Australia, 5731, Australia",RFDS Clinic Innamincka,gp,SA,"Item 131, Item 134A",90%,371.53,Quilpie Pharmacy,20,20,0,0,0.8,208,0.0,True,,,5280.0,312696.0,-307416.0,657500,-0.4676,999.0,-2694226.61,3696.0,-354629.28,-0.5394,-3007029.28,6864.0,-275560.32,-0.4191,-2483172.82
-33.8645692,138.0066256,,Bute Corner Store,supermarket,SA,Item 131,70%,29.21,Priceline Pharmacy,228,228,0,0,0.8,2371,0.0,True,,,60192.0,351134.4,-290942.4,657500,-0.4425,999.0,-2585083.89,42134.4,-347133.79,-0.528,-2957369.34,78249.6,-249147.65,-0.3789,-2308180.66
-33.4985739,138.6076676,,Spalding General Store,supermarket,SA,"Item 131, Item 133",70%,32.54,Jamestown Pharmacy,194,194,0,0,0.8,2017,0.0,True,,,51216.0,344851.2,-293635.2,657500,-0.4466,999.0,-2602924.53,35851.2,-348359.02,-0.5298,-2965486.83,66580.8,-253465.1,-0.3855,-2336785.15
-33.9121228,136.569823,,Arno Bay Supermarket - Friendly Grocer,supermarket,SA,Item 131,70%,24.43,Cleve Pharmacy,219,219,0,0,0.8,2277,0.0,True,,,57816.0,349471.2,-291655.2,657500,-0.4436,999.0,-2589806.41,40471.2,-347458.12,-0.5285,-2959518.08,75160.8,-250290.5,-0.3807,-2315752.43
-33.2330901,134.6729435,,Venus Bay General Store,supermarket,SA,Item 131,70%,50.36,Elliston Pharmacy,91,91,0,0,0.8,946,0.0,True,,,24024.0,325816.8,-301792.8,657500,-0.459,999.0,-2656971.16,16816.8,-352070.72,-0.5355,-2990078.05,31231.2,-266544.46,-0.4054,-2423439.92
-33.2699585,138.3566079,"IGA Gladstone, 48, Gladstone Street, Gladstone, Northern Areas Council, South Australia, 5473, Australia",IGA Gladstone,supermarket,SA,"Item 131, Item 133",85%,11.53,Chris Ramsay Chemist,740,740,0,0,0.8,7696,0.0,True,,,195360.0,445752.0,-250392.0,657500,-0.3808,999.0,-2316424.88,136752.0,-328683.36,-0.4999,-2835129.49,253968.0,-184131.84,-0.28,-1877430.71
-32.5823507,139.5621351,,RFDS Clinic Yunta,gp,SA,Item 131,70%,80.65,Peterborough Pharmacy,49,49,0,0,0.8,509,0.0,True,,,12936.0,318055.2,-305119.2,657500,-0.4641,999.0,-2679009.6,9055.2,-353584.24,-0.5378,-3000105.53,16816.8,-271877.78,-0.4135,-2458774.88
-35.013450000000006,138.55534999999998,"Township Road, Marion, Adelaide, City of Marion, South Australia, 5043, Australia",Marion Medical Centre,medical_centre,SA,"Item 132, Item 136",95%,0.87,Mitchell Park Pharmacy,719429,50000,35,91,0.2,130000,8.0,False,,,3600000.0,2924000.0,676000.0,657500,1.0281,0.97,3821210.25,2520000.0,26800.0,0.0408,-479941.66,4680000.0,1368000.0,2.0806,8405925.47
-34.1805568,140.78281116666668,,IGA Local Grocer,supermarket,SA,"Item 130, Item 133",75%,3.13,Priceline Pharmacy Renmark,5729,5729,2,2,0.3,22343,0.0,False,,,567171.0,706019.7,-138848.7,657500,-0.2112,999.0,-1577415.82,397019.7,-277931.16,-0.4227,-2498880.37,737322.3,-5290.75,-0.008,-692552.86
-34.9348279,138.52332,,ALDI,supermarket,SA,Item 133,70%,1.11,TerryWhite Chemmart Fulham,1044964,50000,31,148,0.2,130000,0.0,False,,,3300000.0,2714000.0,586000.0,657500,0.8913,1.12,3224932.26,2310000.0,-14150.0,-0.0215,-751248.15,4290000.0,1223700.0,1.8611,7449893.09
-34.876201,138.684282,,Aldi Newton,supermarket,SA,Item 133,70%,0.88,TerryWhite Chemmart,787986,50000,37,118,0.2,130000,0.0,False,,,3300000.0,2714000.0,586000.0,657500,0.8913,1.12,3224932.26,2310000.0,-14150.0,-0.0215,-751248.15,4290000.0,1223700.0,1.8611,7449893.09
-33.0252,137.5231,,Whyalla Medical Centre,medical_centre,SA,Item 136,70%,0.96,TerryWhite Chemmart,12042,12042,4,4,0.2,31309,4.8,False,,,794772.0,865340.4,-70568.4,657500,-0.1073,999.0,-1125037.6,556340.4,-246863.62,-0.3755,-2293048.28,1033203.6,104185.33,0.1585,32760.23
-34.8808904,138.5030345,,Aldi,supermarket,SA,"Item 133, Item 134",70%,0.44,TerryWhite Chemmart Woodlakes Day/Night Compounding Pharmacy,722653,50000,39,88,0.2,130000,0.0,False,,,3300000.0,2714000.0,586000.0,657500,0.8913,1.12,3224932.26,2310000.0,-14150.0,-0.0215,-751248.15,4290000.0,1223700.0,1.8611,7449893.09
-34.933070400000005,138.6594122,,IGA,supermarket,SA,"Item 133, Item 134",65%,0.76,TerryWhite Chemmart Hazelwood Park,1207027,50000,36,128,0.2,130000,0.0,False,,,3300000.0,2714000.0,586000.0,657500,0.8913,1.12,3224932.26,2310000.0,-14150.0,-0.0215,-751248.15,4290000.0,1223700.0,1.8611,7449893.09
-34.906534,138.578436,,IGA,supermarket,SA,Item 133,65%,0.99,HPS Pharmacies Calvary North Adelaide,196349,50000,69,180,0.2,130000,0.0,False,,,3300000.0,2714000.0,586000.0,657500,0.8913,1.12,3224932.26,2310000.0,-14150.0,-0.0215,-751248.15,4290000.0,1223700.0,1.8611,7449893.09
-34.8746,138.5371,"42, Actil Avenue South, St Clair, Adelaide, City of Charles Sturt, South Australia, 5011, Australia",Woodville Medical Centre,medical_centre,SA,Item 136,95%,0.74,TerryWhite Chemmart,922043,50000,43,127,0.2,130000,6.4,False,,,3300000.0,2714000.0,586000.0,657500,0.8913,1.12,3224932.26,2310000.0,-14150.0,-0.0215,-751248.15,4290000.0,1223700.0,1.8611,7449893.09
-35.0163122,138.6159732,,ALDI,supermarket,SA,Item 133,70%,0.47,TerryWhite Chemmart Main Road Blackwood,759661,50000,12,87,0.2,130000,0.0,False,,,3300000.0,2714000.0,586000.0,657500,0.8913,1.12,3224932.26,2310000.0,-14150.0,-0.0215,-751248.15,4290000.0,1223700.0,1.8611,7449893.09
-33.0209725,137.5411879,,Woolworths,supermarket,SA,"Item 133, Item 134",75%,0.79,TerryWhite Chemmart Westland,20880,20880,4,4,0.2,54288,0.0,False,,,1378080.0,1273656.0,104424.0,657500,0.1588,6.3,34341.48,964656.0,-167242.08,-0.2544,-1765530.8,1791504.0,299256.48,0.4551,1325167.25
-34.9144556,138.6506382,,Organic Meats Company,shopping_centre,SA,Item 134,55%,0.56,National Pharmacies Kensington Park,196349,50000,54,141,0.2,130000,0.0,False,,,3300000.0,2714000.0,586000.0,657500,0.8913,1.12,3224932.26,2310000.0,-14150.0,-0.0215,-751248.15,4290000.0,1223700.0,1.8611,7449893.09
-34.8681932,138.5115316,,Drakes,supermarket,SA,Item 133,70%,0.28,Star Discount Chemist,704739,50000,38,89,0.2,130000,0.0,False,,,3300000.0,2714000.0,586000.0,657500,0.8913,1.12,3224932.26,2310000.0,-14150.0,-0.0215,-751248.15,4290000.0,1223700.0,1.8611,7449893.09
-35.01871,138.6157937,,Coles,supermarket,SA,Item 133,75%,0.21,TerryWhite Chemmart Main Road Blackwood,733808,50000,12,85,0.2,130000,0.0,False,,,3300000.0,2714000.0,586000.0,657500,0.8913,1.12,3224932.26,2310000.0,-14150.0,-0.0215,-751248.15,4290000.0,1223700.0,1.8611,7449893.09
-32.4905,137.7847,,Port Augusta Medical Centre,medical_centre,SA,Item 136,70%,0.69,United Chemist Port Augusta,12930,12930,4,4,0.2,33618,4.8,False,,,853380.0,906366.0,-52986.0,657500,-0.0806,999.0,-1008548.73,597366.0,-238863.63,-0.3633,-2240045.84,1109394.0,132375.78,0.2013,219530.71
-34.9479,138.5977,"Simpson Parade, Wayville, Adelaide, City of Unley, South Australia, 5034, Australia",Unley Medical Centre,medical_centre,SA,Item 136,95%,0.53,Chemist King Discount Pharmacy,196349,50000,71,170,0.2,130000,6.4,False,,,3300000.0,2714000.0,586000.0,657500,0.8913,1.12,3224932.26,2310000.0,-14150.0,-0.0215,-751248.15,4290000.0,1223700.0,1.8611,7449893.09
-34.8926587,138.5515648,,Drakes,supermarket,SA,Item 133,70%,0.50,Midwest Pharmacy,1153989,50000,51,156,0.2,130000,0.0,False,,,3300000.0,2714000.0,586000.0,657500,0.8913,1.12,3224932.26,2310000.0,-14150.0,-0.0215,-751248.15,4290000.0,1223700.0,1.8611,7449893.09
-34.9759747,138.51801,,Aldi,supermarket,SA,Item 133,70%,0.38,Bayside Pharmacy Practice,833204,50000,30,108,0.2,130000,0.0,False,,,3300000.0,2714000.0,586000.0,657500,0.8913,1.12,3224932.26,2310000.0,-14150.0,-0.0215,-751248.15,4290000.0,1223700.0,1.8611,7449893.09
-34.8321,138.6836,,Westfield Tea Tree Plaza,shopping_centre,SA,Item 132,85%,0.24,Modbury Triangle Pharmacy,441097,50000,33,92,0.2,130000,0.0,False,,,3300000.0,2714000.0,586000.0,657500,0.8913,1.12,3224932.26,2310000.0,-14150.0,-0.0215,-751248.15,4290000.0,1223700.0,1.8611,7449893.09
-34.9345345,138.5990225,,IGA,supermarket,SA,Item 133,65%,0.45,Centre Pharmacy,196349,50000,71,173,0.2,130000,0.0,False,,,3300000.0,2714000.0,586000.0,657500,0.8913,1.12,3224932.26,2310000.0,-14150.0,-0.0215,-751248.15,4290000.0,1223700.0,1.8611,7449893.09
-33.1857282,138.0102996,,Aldi,supermarket,SA,Item 133,70%,0.62,TerryWhite Chemmart Port Pirie,13708,13708,4,4,0.2,35640,0.0,False,,,904728.0,942309.6,-37581.6,657500,-0.0572,999.0,-906489.79,633309.6,-231854.63,-0.3526,-2193609.02,1176146.4,157074.17,0.2389,383165.22
-35.5303157,138.6381617,,Aldi,supermarket,SA,Item 133,70%,0.67,TerryWhite Chemmart Hayborough Pharmacy,16709,16709,5,5,0.2,43443,0.0,False,,,1102794.0,1080955.8,21838.2,657500,0.0332,30.11,-512815.13,771955.8,-204818.62,-0.3115,-2014487.05,1433632.2,252343.91,0.3838,1014356.91
-34.9157539,138.6280969,,Aldi,supermarket,SA,Item 133,70%,0.37,TerryWhite Chemmart Stepney,196349,50000,72,151,0.2,130000,0.0,False,,,3300000.0,2714000.0,586000.0,657500,0.8913,1.12,3224932.26,2310000.0,-14150.0,-0.0215,-751248.15,4290000.0,1223700.0,1.8611,7449893.09
-34.8389892,138.4817137,,Drakes,supermarket,SA,Item 133,70%,0.15,Priceline Pharmacy Semaphore,290720,50000,22,47,0.2,130000,0.0,False,,,3300000.0,2714000.0,586000.0,657500,0.8913,1.12,3224932.26,2310000.0,-14150.0,-0.0215,-751248.15,4290000.0,1223700.0,1.8611,7449893.09
-34.9285,138.6017,"Wakefield House, 30, Wakefield Street, Adelaide, Adelaide City Council, South Australia, 5000, Australia",Adelaide Medical Centre,medical_centre,SA,Item 136,95%,0.36,Centre Pharmacy,196349,50000,75,168,0.2,130000,9.6,False,,,3600000.0,2924000.0,676000.0,657500,1.0281,0.97,3821210.25,2520000.0,26800.0,0.0408,-479941.66,4680000.0,1368000.0,2.0806,8405925.47
-34.9263,138.6038,"Wilson Parking, Stockley Alley, Adelaide, Adelaide City Council, South Australia, 5000, Australia",SmartClinics Adelaide,medical_centre,SA,Item 136,95%,0.34,TerryWhite Chemmart Rundle Place,196349,50000,77,164,0.2,130000,9.6,False,,,3600000.0,2924000.0,676000.0,657500,1.0281,0.97,3821210.25,2520000.0,26800.0,0.0408,-479941.66,4680000.0,1368000.0,2.0806,8405925.47
-34.8900432,138.6027341,,ALDI,supermarket,SA,Item 133,70%,0.33,Nairne Community Soul Pattinson Chemist,196349,50000,66,172,0.2,130000,0.0,False,,,3300000.0,2714000.0,586000.0,657500,0.8913,1.12,3224932.26,2310000.0,-14150.0,-0.0215,-751248.15,4290000.0,1223700.0,1.8611,7449893.09
-34.9290784,138.6124876,,IGA,supermarket,SA,Item 133,65%,0.32,Star Discount Chemist Hutt Street,196349,50000,73,158,0.2,130000,0.0,False,,,3300000.0,2714000.0,586000.0,657500,0.8913,1.12,3224932.26,2310000.0,-14150.0,-0.0215,-751248.15,4290000.0,1223700.0,1.8611,7449893.09
-34.8839,138.5974,"Alpha Road, Prospect, Adelaide, City of Prospect, South Australia, 5082, Australia",Prospect Medical Centre,medical_centre,SA,Item 136,95%,0.32,Star Discount Chemist Prospect,196349,50000,62,177,0.2,130000,7.2,False,,,3300000.0,2714000.0,586000.0,657500,0.8913,1.12,3224932.26,2310000.0,-14150.0,-0.0215,-751248.15,4290000.0,1223700.0,1.8611,7449893.09
-34.8811731,138.4914867,,Coles,supermarket,SA,Item 133,75%,0.12,Better Health Pharmacy West Lakes,633344,50000,32,73,0.2,130000,0.0,False,,,3300000.0,2714000.0,586000.0,657500,0.8913,1.12,3224932.26,2310000.0,-14150.0,-0.0215,-751248.15,4290000.0,1223700.0,1.8611,7449893.09
-33.028245,137.5358238,,ALDI,supermarket,SA,Item 133,70%,0.28,TerryWhite Chemmart,20880,20880,4,4,0.2,54288,0.0,False,,,1378080.0,1273656.0,104424.0,657500,0.1588,6.3,34341.48,964656.0,-167242.08,-0.2544,-1765530.8,1791504.0,299256.48,0.4551,1325167.25
-34.8590848,138.6354683,,Drakes,supermarket,SA,Item 133,70%,0.21,TerryWhite Chemmart Northgate Village,914857,50000,43,146,0.2,130000,0.0,False,,,3300000.0,2714000.0,586000.0,657500,0.8913,1.12,3224932.26,2310000.0,-14150.0,-0.0215,-751248.15,4290000.0,1223700.0,1.8611,7449893.09
-32.49255755,137.76387565,,Coles,supermarket,SA,"Item 133, Item 134",75%,0.29,Good Price Pharmacy Port Augusta,12788,12788,4,4,0.2,33248,0.0,False,,,844008.0,899805.6,-55797.6,657500,-0.0849,999.0,-1027176.45,590805.6,-240142.91,-0.3652,-2248521.45,1097210.4,127867.85,0.1945,189664.26
-34.8742367,138.6029961,,Regency Plaza Shopping Centre,shopping_centre,SA,Item 134,70%,0.21,National Pharmacies,1145652,50000,45,174,0.2,130000,0.0,False,,,3300000.0,2714000.0,586000.0,657500,0.8913,1.12,3224932.26,2310000.0,-14150.0,-0.0215,-751248.15,4290000.0,1223700.0,1.8611,7449893.09
-34.9739728,138.6088836,,ALDI,supermarket,SA,Item 133,70%,0.17,National Pharmacies,1229502,50000,40,141,0.2,130000,0.0,False,,,3300000.0,2714000.0,586000.0,657500,0.8913,1.12,3224932.26,2310000.0,-14150.0,-0.0215,-751248.15,4290000.0,1223700.0,1.8611,7449893.09
-34.9251529,138.5992786,,Savings Bank Building,shopping_centre,SA,Item 132,85%,0.21,Unknown Pharmacy,196349,50000,79,170,0.2,130000,0.0,False,,,3300000.0,2714000.0,586000.0,657500,0.8913,1.12,3224932.26,2310000.0,-14150.0,-0.0215,-751248.15,4290000.0,1223700.0,1.8611,7449893.09
-35.53446735,138.63750535,,Coles,supermarket,SA,"Item 133, Item 134",75%,0.34,TerryWhite Chemmart Hayborough Pharmacy,16709,16709,5,5,0.2,43443,0.0,False,,,1102794.0,1080955.8,21838.2,657500,0.0332,30.11,-512815.13,771955.8,-204818.62,-0.3115,-2014487.05,1433632.2,252343.91,0.3838,1014356.91
-35.032695,138.8121286,,Hahndorf IGA,supermarket,SA,Item 133,65%,0.26,TerryWhite Chemmart Hahndorf,20653,20653,3,17,0.2,53697,0.0,False,,,1363098.0,1263168.6,99929.4,657500,0.152,6.58,4563.35,954168.6,-169287.12,-0.2575,-1779079.84,1772027.4,292050.14,0.4442,1277423.0
-34.8306405,138.6935739,,Coles,supermarket,SA,Item 133,75%,0.10,Priceline Pharmacy,374243,50000,30,84,0.2,130000,0.0,False,,,3300000.0,2714000.0,586000.0,657500,0.8913,1.12,3224932.26,2310000.0,-14150.0,-0.0215,-751248.15,4290000.0,1223700.0,1.8611,7449893.09
-34.5972,138.7447,,Gawler Medical Centre,medical_centre,SA,Item 136,70%,0.33,Health-e-Advice Chemist,28562,28562,7,8,0.2,74261,6.4,False,YES,SA Growth Area - Gawler,1885092.0,1723564.4,161527.6,657500,0.2457,4.07,412670.59,1319564.4,-98034.94,-0.1491,-1307011.98,2450619.6,543129.25,0.8261,2940900.22
-34.9793381,138.5155069,,Coles,supermarket,SA,Item 133,75%,0.12,Glenelg Health foods,793239,50000,31,99,0.2,130000,0.0,False,,,3300000.0,2714000.0,586000.0,657500,0.8913,1.12,3224932.26,2310000.0,-14150.0,-0.0215,-751248.15,4290000.0,1223700.0,1.8611,7449893.09
-34.9476935,138.6425713,,Aldi,supermarket,SA,Item 133,70%,0.14,TerryWhite Chemmart Glenunga,196349,50000,49,132,0.2,130000,0.0,False,,,3300000.0,2714000.0,586000.0,657500,0.8913,1.12,3224932.26,2310000.0,-14150.0,-0.0215,-751248.15,4290000.0,1223700.0,1.8611,7449893.09
-34.9333834,138.6126953,,IGA,supermarket,SA,Item 133,65%,0.16,Star Discount Chemist Hutt Street,196349,50000,72,161,0.2,130000,0.0,False,,,3300000.0,2714000.0,586000.0,657500,0.8913,1.12,3224932.26,2310000.0,-14150.0,-0.0215,-751248.15,4290000.0,1223700.0,1.8611,7449893.09
-36.8292143,139.8516034,,IGA Foodland,supermarket,SA,Item 133,65%,0.54,Kingston Pharmacy,1637,1637,1,1,0.4,8512,0.0,False,,,216084.0,460258.8,-244174.8,657500,-0.3714,999.0,-2275233.99,151258.8,-325854.53,-0.4956,-2816387.63,280909.2,-174163.6,-0.2649,-1811387.99
-34.7220832,135.859321,,Woolworths,supermarket,SA,Item 133,75%,0.12,TerryWhite Chemmart Port Lincoln,14404,14404,2,2,0.3,56175,0.0,False,,,1425996.0,1307197.2,118798.8,657500,0.1807,5.53,129579.0,998197.2,-160701.55,-0.2444,-1722197.72,1853794.8,322304.08,0.4902,1477864.75
-34.8751989,138.5496932,,ALDI,supermarket,SA,Item 133,70%,0.12,Pharmasave Arndale Pharmacy,1001453,50000,42,140,0.2,130000,0.0,False,,,3300000.0,2714000.0,586000.0,657500,0.8913,1.12,3224932.26,2310000.0,-14150.0,-0.0215,-751248.15,4290000.0,1223700.0,1.8611,7449893.09
-34.9420645,138.6412932,,Coles,supermarket,SA,Item 133,75%,0.11,The Village Pharmacy,196349,50000,54,140,0.2,130000,0.0,False,,,3300000.0,2714000.0,586000.0,657500,0.8913,1.12,3224932.26,2310000.0,-14150.0,-0.0215,-751248.15,4290000.0,1223700.0,1.8611,7449893.09
-33.9645997,137.7109124,,Aldi,supermarket,SA,Item 133,70%,0.25,Newbery Chemists - Kadina,4666,4666,3,4,0.2,12131,0.0,False,,,307956.0,524569.2,-216613.2,657500,-0.3294,999.0,-2092629.82,215569.2,-313314.01,-0.4765,-2733302.74,400342.8,-129973.16,-0.1977,-1518612.64
-34.5985198,138.7466606,,Drakes,supermarket,SA,Item 133,70%,0.20,TerryWhite Chemmart Gawler,28562,28562,7,8,0.2,74261,0.0,False,YES,SA Growth Area - Gawler,1885092.0,1723564.4,161527.6,657500,0.2457,4.07,412670.59,1319564.4,-98034.94,-0.1491,-1307011.98,2450619.6,543129.25,0.8261,2940900.22
-34.9138158,138.6252783,,sportsmed Stepney Healthcare Hub,hospital,SA,Item 135,40%,0.05,TerryWhite Chemmart Stepney,196349,50000,75,153,0.2,130000,0.0,False,,,3300000.0,2714000.0,586000.0,657500,0.8913,1.12,3224932.26,2310000.0,-14150.0,-0.0215,-751248.15,4290000.0,1223700.0,1.8611,7449893.09
-35.0793411,138.8651524,,Mt Barker IGA Fresh,supermarket,SA,Item 133,65%,0.20,Unknown Pharmacy,21908,21908,8,11,0.2,56960,0.0,False,YES,SA Growth Area - Mount Barker,1445928.0,1321149.6,124778.4,657500,0.1898,5.27,169195.71,1012149.6,-157980.83,-0.2403,-1704172.12,1879706.4,331891.37,0.5048,1541383.54
-34.45098386666667,140.57294396666668,,Rotary Lox Care Op Shop,shopping_centre,SA,Item 134,70%,0.24,Loxton Pharmacies - East Tce,3947,3947,2,2,0.3,15393,0.0,False,,,390753.0,582527.1,-191774.1,657500,-0.2917,999.0,-1928063.06,273527.1,-302012.22,-0.4593,-2658424.86,507978.9,-90147.81,-0.1371,-1254757.26
-34.279962600000005,140.60929215,,Aldi,supermarket,SA,"Item 133, Item 134",70%,0.42,Berri Medical Pharmacy,4287,4287,4,4,0.2,11146,0.0,False,,,282942.0,507059.4,-224117.4,657500,-0.3409,999.0,-2142347.48,198059.4,-316728.42,-0.4817,-2755924.27,367824.6,-142004.9,-0.216,-1598326.62
-34.44991506666667,140.5696613,,Loxton Physiotherapy Service,shopping_centre,SA,Item 134,70%,0.23,Loxton Pharmacies - East Tce,3947,3947,2,2,0.3,15393,0.0,False,,,390753.0,582527.1,-191774.1,657500,-0.2917,999.0,-1928063.06,273527.1,-302012.22,-0.4593,-2658424.86,507978.9,-90147.81,-0.1371,-1254757.26
-37.1651627,139.763536,,Robe IGA Foodland Supermarket,supermarket,SA,Item 133,65%,0.37,Robe Pharmacy,1156,1156,1,1,0.4,6011,0.0,False,,,152592.0,415814.4,-263222.4,657500,-0.4003,999.0,-2401430.27,106814.4,-334521.19,-0.5088,-2873806.94,198369.6,-204703.25,-0.3113,-2013722.68
-35.349711,138.6218068,,BP,shopping_centre,SA,Item 134,70%,0.22,Mt Compass Pharmacy,1232,1232,1,1,0.4,6406,0.0,False,,,162624.0,422836.8,-260212.8,657500,-0.3958,999.0,-2381490.73,113836.8,-333151.82,-0.5067,-2864734.45,211411.2,-199877.86,-0.304,-1981752.96
-37.8081941,140.7940022,,Woolworths,supermarket,SA,Item 133,75%,0.12,Priceline Pharmacy Marketplace Mount Gambier,26734,26734,11,11,0.2,69508,0.0,False,,,1764444.0,1639110.8,125333.2,657500,0.1906,5.25,172871.43,1235110.8,-114503.39,-0.1741,-1416120.6,2293777.2,485097.56,0.7378,2556422.24
-37.8296253,140.7833946,,ALDI,supermarket,SA,Item 133,70%,0.12,Star Discount Chemist Sturt St,26734,26734,11,11,0.2,69508,0.0,False,,,1764444.0,1639110.8,125333.2,657500,0.1906,5.25,172871.43,1235110.8,-114503.39,-0.1741,-1416120.6,2293777.2,485097.56,0.7378,2556422.24
-34.6207894,138.7394369,,ALDI,supermarket,SA,Item 133,70%,0.15,Direct Chemist Outlet Gawler,28562,28562,7,18,0.2,74261,0.0,False,YES,SA Growth Area - Gawler,1885092.0,1723564.4,161527.6,657500,0.2457,4.07,412670.59,1319564.4,-98034.94,-0.1491,-1307011.98,2450619.6,543129.25,0.8261,2940900.22
-35.6544971,137.6392653,,Drakes Foodland,supermarket,SA,Item 133,70%,0.19,TerryWhite Chemmart Kangaroo Island,1915,1915,1,1,0.4,9958,0.0,False,,,252780.0,485946.0,-233166.0,657500,-0.3546,999.0,-2202297.27,176946.0,-320845.53,-0.488,-2783201.43,328614.0,-156512.82,-0.238,-1694446.11
-34.6809307,138.7024569,,ALDI,supermarket,SA,Item 133,70%,0.21,United Chemists Blakes Crossing,4088,4088,12,22,0.2,10628,0.0,False,YES,SA Growth Area - Northern Adelaide,269808.0,497865.6,-228057.6,657500,-0.3469,999.0,-2168452.53,188865.6,-318521.21,-0.4844,-2767802.07,350750.4,-148322.35,-0.2256,-1640181.71
-34.6846865,138.6897402,,ALDI,supermarket,SA,Item 133,70%,0.30,Munno Para Medical Centre Pharmasave Pharmacy,4088,4088,14,30,0.2,10628,0.0,False,YES,SA Growth Area - Northern Adelaide,269808.0,497865.6,-228057.6,657500,-0.3469,999.0,-2168452.53,188865.6,-318521.21,-0.4844,-2767802.07,350750.4,-148322.35,-0.2256,-1640181.71
-32.7954694,134.2122816,,IGA,supermarket,SA,Item 133,65%,0.21,Streaky Bay Pharmacy,967,967,1,1,0.4,5028,0.0,False,,,127644.0,398350.8,-270706.8,657500,-0.4117,999.0,-2451016.74,89350.8,-337926.59,-0.514,-2896368.79,165937.2,-216703.24,-0.3296,-2093226.34
-34.0280864,138.6857993,,Becker's IGA,supermarket,SA,Item 133,65%,0.24,Clare Valley Family Pharmacy,470,470,1,1,0.4,2444,0.0,False,,,62040.0,352428.0,-290388.0,657500,-0.4417,999.0,-2581410.82,43428.0,-346881.54,-0.5276,-2955698.09,80652.0,-248258.76,-0.3776,-2302291.5
-33.1411684,136.4197935,,Kimba IGA,supermarket,SA,Item 133,65%,0.29,healthSAVE Pharmacy Kimba,608,608,1,1,0.4,3161,0.0,False,,,80256.0,365179.2,-284923.2,657500,-0.4333,999.0,-2545204.82,56179.2,-344395.06,-0.5238,-2939224.36,104332.8,-239496.86,-0.3643,-2244241.21
-35.4574451,138.3488631,,Drakes,supermarket,SA,Item 133,70%,0.10,Yankalilla Family Pharmacy,3057,3057,2,2,0.3,11922,0.0,False,,,302643.0,520850.1,-218207.1,657500,-0.3319,999.0,-2103189.9,211850.1,-314039.23,-0.4776,-2738107.57,393435.9,-132528.72,-0.2016,-1535543.97
-34.6702618,138.6796271,,Woolworths,supermarket,SA,Item 133,75%,0.10,TerryWhite Chemmart Playford,4088,4088,14,21,0.2,10628,0.0,False,YES,SA Growth Area - Northern Adelaide,269808.0,497865.6,-228057.6,657500,-0.3469,999.0,-2168452.53,188865.6,-318521.21,-0.4844,-2767802.07,350750.4,-148322.35,-0.2256,-1640181.71
-35.1399,138.5122,"Naples Street, Hackham West, Adelaide, City of Onkaparinga, South Australia, 5163, Australia",Noarlunga Medical Centre,medical_centre,SA,Item 136,95%,0.96,Huntfield Heights Pharmacy,3277,3277,20,36,0.2,8520,8.0,False,,,270352.5,498246.75,-227894.25,657500,-0.3466,999.0,-2167370.29,189246.75,-318446.88,-0.4843,-2767309.65,351458.25,-148060.45,-0.2252,-1638446.51
-34.4376892,138.5103251,,Mallala IGA,supermarket,SA,Item 133,65%,0.12,TerryWhite Chemmart,887,887,1,1,0.4,4612,0.0,False,,,117084.0,390958.8,-273874.8,657500,-0.4165,999.0,-2472005.73,81958.8,-339368.03,-0.5161,-2905918.78,152209.2,-221782.6,-0.3373,-2126878.68
-32.8813947,138.3507991,,Booleroo IGA,supermarket,SA,Item 133,65%,0.38,Booleroo Centre Pharmacy,266,266,1,1,0.4,1383,0.0,False,,,35112.0,333578.4,-298466.4,657500,-0.4539,999.0,-2634932.73,24578.4,-350557.21,-0.5332,-2980050.56,45645.6,-261211.13,-0.3973,-2388104.96
-34.990578,137.4000886,,Foodworks Warooka,supermarket,SA,Item 133,55%,0.15,Warooka Pharmacy,194,194,1,1,0.4,1008,0.0,False,,,25608.0,326925.6,-301317.6,657500,-0.4583,999.0,-2653822.82,17925.6,-351854.51,-0.5351,-2988645.55,33290.4,-265782.55,-0.4042,-2418392.07
-33.1837618,138.3004136,,IGA,supermarket,SA,Item 133,65%,0.10,Chris Ramsay Chemist,522,522,1,1,0.4,2714,0.0,False,,,68904.0,357232.8,-288328.8,657500,-0.4385,999.0,-2567767.98,48232.8,-345944.6,-0.5262,-2949490.6,89575.2,-244957.18,-0.3726,-2280417.48
-34.7243463,138.6804652,,Foodworks,supermarket,SA,Item 133,55%,0.59,PharmaSave Elizabeth Day/Night Pharmacy,804,804,15,47,0.2,2090,0.0,False,,,53064.0,346144.8,-293080.8,657500,-0.4458,999.0,-2599251.45,37144.8,-348106.76,-0.5294,-2963815.58,68983.2,-252576.22,-0.3841,-2330895.99
-34.7286,138.6696,"Harvey Road, Elizabeth, Adelaide, City of Playford, South Australia, 5112, Australia",Elizabeth Medical Centre,medical_centre,SA,Item 136,95%,0.61,Chemist Warehouse Elizabeth,804,804,21,49,0.2,2090,8.0,False,,,66330.0,355431.0,-289101.0,657500,-0.4397,999.0,-2572884.04,46431.0,-346295.95,-0.5267,-2951818.41,86229.0,-246195.27,-0.3744,-2288620.24
-35.1272,138.5249,"Wheatsheaf Road, Morphett Vale, Adelaide, City of Onkaparinga, South Australia, 5162, Australia",Morphett Vale Medical Centre,medical_centre,SA,Item 136,95%,0.46,Star Discount Chemist Morphett Vale Southbound,3277,3277,22,36,0.2,8520,7.2,False,,,216282.0,460397.4,-244115.4,657500,-0.3713,999.0,-2274840.45,151397.4,-325827.51,-0.4956,-2816208.57,281166.6,-174068.36,-0.2647,-1810757.01
-34.717154300000004,138.66675329999998,,Coles,supermarket,SA,"Item 133, Item 134",75%,0.12,Priceline Pharmacy Elizabeth,804,804,14,45,0.2,2090,0.0,False,,,53064.0,346144.8,-293080.8,657500,-0.4458,999.0,-2599251.45,37144.8,-348106.76,-0.5294,-2963815.58,68983.2,-252576.22,-0.3841,-2330895.99
-35.1382065,138.4812467,,Coles,supermarket,SA,Item 133,75%,0.12,TerryWhite Chemmart Christies Guild,3277,3277,19,34,0.2,8520,0.0,False,,,216282.0,460397.4,-244115.4,657500,-0.3713,999.0,-2274840.45,151397.4,-325827.51,-0.4956,-2816208.57,281166.6,-174068.36,-0.2647,-1810757.01
-35.070299250000005,138.53787845,,Trott Park IGA,supermarket,SA,"Item 133, Item 134",65%,1.65,O'Halloran Hill Priceline,1998,1998,17,61,0.2,5194,0.0,False,,,131868.0,401307.6,-269439.6,657500,-0.4098,999.0,-2442621.15,92307.6,-337350.02,-0.5131,-2892548.79,171428.4,-214671.49,-0.3265,-2079765.4
-35.0752471,138.5955477,,Drakes,supermarket,SA,Item 133,70%,0.28,Hub Discount Chemist,193,193,7,46,0.2,501,0.0,False,,,12738.0,317916.6,-305178.6,657500,-0.4641,999.0,-2679403.14,8916.6,-353611.26,-0.5378,-3000284.6,16559.4,-271973.02,-0.4136,-2459405.86
-34.7896841,138.6932175,,Drakes,supermarket,SA,Item 133,70%,0.17,Priceline Pharmacy The Grove,543,543,26,70,0.2,1411,0.0,False,,,35838.0,334086.6,-298248.6,657500,-0.4536,999.0,-2633489.74,25086.6,-350458.11,-0.533,-2979394.0,46589.4,-260861.92,-0.3967,-2385791.37
-34.7749958,138.6183911,,ALDI,supermarket,SA,Item 133,70%,0.92,Priceline Pharmacy,804,804,22,63,0.2,2090,0.0,False,,,53064.0,346144.8,-293080.8,657500,-0.4458,999.0,-2599251.45,37144.8,-348106.76,-0.5294,-2963815.58,68983.2,-252576.22,-0.3841,-2330895.99
-35.1057728,138.520531,,ALDI,supermarket,SA,Item 133,70%,0.13,United Chemists Southgate,3277,3277,22,41,0.2,8520,0.0,False,,,216282.0,460397.4,-244115.4,657500,-0.3713,999.0,-2274840.45,151397.4,-325827.51,-0.4956,-2816208.57,281166.6,-174068.36,-0.2647,-1810757.01
-34.7649047,138.6453142,,ALDI,supermarket,SA,Item 133,70%,0.29,John Street Chemist,804,804,23,64,0.2,2090,0.0,False,,,53064.0,346144.8,-293080.8,657500,-0.4458,999.0,-2599251.45,37144.8,-348106.76,-0.5294,-2963815.58,68983.2,-252576.22,-0.3841,-2330895.99
